Workbook

Sheet Sheet1
A1: Student ID | B1: Last Name | C1: First Name | D1: Sex | E1: Grade | F1: Course title | G1: Mark2 | H1: Citizenship | I1: LangFlu | J1: Has 504 | K1: Has IEP | L1: Interventions | O1: Student ID | P1: First Name | Q1: Last Name | R1: LangFlu | S1: Effective Date | T1: has 504 | U1: Has dis | V1: Disability
A2: 47414 | B2: Ajiataz Maldonado | C2: Edward | D2: M | E2: 6 | F2: Social St. 6 | G2: D | H2: S | I2: R | J2: =IFERROR(VLOOKUP(A2, Sheet1!$O$1:$V$156, 6, FALSE), "") | K2: =IFERROR(VLOOKUP(A2, Sheet1!$O$1:$V$156, 7, FALSE), "") | O2: 47490 | P2: Grace | Q2: Heidenberg | R2: E | T2: =IF(S2=""," ","Y") | U2: =IF(V2=""," ","Y") -> Y | V2: 210
A3: 47414 | B3: Ajiataz Maldonado | C3: Edward | D3: M | E3: 6 | F3: CC Math 6 | G3: F | H3: S | I3: R | J3: =IFERROR(VLOOKUP(A3, Sheet1!$O$1:$V$156, 6, FALSE), "") | K3: =IFERROR(VLOOKUP(A3, Sheet1!$O$1:$V$156, 7, FALSE), "") | O3: 45149 | P3: Valentina | Q3: Vasquez | R3: F | T3: =IF(S3=""," ","Y") | U3: =IF(V3=""," ","Y") -> Y | V3: 220
A4: 44761 | B4: Alfieri | C4: Joseph | D4: M | E4: 6 | F4: Social St. 6 | G4: B- | H4: N | I4: E | J4: =IFERROR(VLOOKUP(A4, Sheet1!$O$1:$V$156, 6, FALSE), "") -> Y | K4: =IFERROR(VLOOKUP(A4, Sheet1!$O$1:$V$156, 7, FALSE), "") | O4: 44908 | P4: Riley | Q4: Loberman | R4: E | S4: 01/24/2025 | T4: =IF(S4=""," ","Y") -> Y | U4: =IF(V4=""," ","Y") -> Y | V4: 240
A5: 46820 | B5: Allen | C5: Owen | D5: M | E5: 8 | F5: Cross Training | G5: C- | H5: U | I5: E | J5: =IFERROR(VLOOKUP(A5, Sheet1!$O$1:$V$156, 6, FALSE), "") -> Y | K5: =IFERROR(VLOOKUP(A5, Sheet1!$O$1:$V$156, 7, FALSE), "") | O5: 44932 | P5: Cameron | Q5: Maida | R5: E | S5: 08/19/2025 | T5: =IF(S5=""," ","Y") -> Y | U5: =IF(V5=""," ","Y") -> Y | V5: 240
A6: 46820 | B6: Allen | C6: Owen | D6: M | E6: 8 | F6: Science 8 | G6: F | H6: S | I6: E | J6: =IFERROR(VLOOKUP(A6, Sheet1!$O$1:$V$156, 6, FALSE), "") -> Y | K6: =IFERROR(VLOOKUP(A6, Sheet1!$O$1:$V$156, 7, FALSE), "") | O6: 44887 | P6: Declan | Q6: O'Brien | R6: E | S6: 02/05/2025 | T6: =IF(S6=""," ","Y") -> Y | U6: =IF(V6=""," ","Y") -> Y | V6: 240
A7: 46820 | B7: Allen | C7: Owen | D7: M | E7: 8 | F7: Art | G7: F | H7: N | I7: E | J7: =IFERROR(VLOOKUP(A7, Sheet1!$O$1:$V$156, 6, FALSE), "") -> Y | K7: =IFERROR(VLOOKUP(A7, Sheet1!$O$1:$V$156, 7, FALSE), "") | O7: 44820 | P7: Aysa | Q7: Rogers | R7: E | S7: 09/15/2025 | T7: =IF(S7=""," ","Y") -> Y | U7: =IF(V7=""," ","Y") -> Y | V7: 240
A8: 46820 | B8: Allen | C8: Owen | D8: M | E8: 8 | F8: Lang Arts 8 | G8: D- | H8: U | I8: E | J8: =IFERROR(VLOOKUP(A8, Sheet1!$O$1:$V$156, 6, FALSE), "") -> Y | K8: =IFERROR(VLOOKUP(A8, Sheet1!$O$1:$V$156, 7, FALSE), "") | O8: 44296 | P8: Elle | Q8: Stout | R8: E | S8: 05/27/2025 | T8: =IF(S8=""," ","Y") -> Y | U8: =IF(V8=""," ","Y") -> Y | V8: 240
A9: 46820 | B9: Allen | C9: Owen | D9: M | E9: 8 | F9: CC Math 8 | G9: F | H9: S | I9: E | J9: =IFERROR(VLOOKUP(A9, Sheet1!$O$1:$V$156, 6, FALSE), "") -> Y | K9: =IFERROR(VLOOKUP(A9, Sheet1!$O$1:$V$156, 7, FALSE), "") | O9: 43889 | P9: Brayden | Q9: Tindall | R9: E | S9: 05/25/2022 | T9: =IF(S9=""," ","Y") -> Y | U9: =IF(V9=""," ","Y") -> Y | V9: 240
A10: 47473 | B10: Alvarado | C10: Eric | D10: M | E10: 8 | F10: Science 8 | G10: F | H10: S | I10: E | J10: =IFERROR(VLOOKUP(A10, Sheet1!$O$1:$V$156, 6, FALSE), "") | K10: =IFERROR(VLOOKUP(A10, Sheet1!$O$1:$V$156, 7, FALSE), "") | O10: 45258 | P10: Spencer | Q10: Barash | R10: E | T10: =IF(S10=""," ","Y") | U10: =IF(V10=""," ","Y") -> Y | V10: 240
A11: 47473 | B11: Alvarado | C11: Eric | D11: M | E11: 8 | F11: PE 7/8 | G11: C- | H11: U | I11: E | J11: =IFERROR(VLOOKUP(A11, Sheet1!$O$1:$V$156, 6, FALSE), "") | K11: =IFERROR(VLOOKUP(A11, Sheet1!$O$1:$V$156, 7, FALSE), "") | O11: 44421 | P11: Callen | Q11: Kirkland | R11: E | S11: 09/20/2024 | T11: =IF(S11=""," ","Y") -> Y | U11: =IF(V11=""," ","Y") -> Y | V11: 240
A12: 47473 | B12: Alvarado | C12: Eric | D12: M | E12: 8 | F12: Lang Arts 8 | G12: F | H12: S | I12: E | J12: =IFERROR(VLOOKUP(A12, Sheet1!$O$1:$V$156, 6, FALSE), "") | K12: =IFERROR(VLOOKUP(A12, Sheet1!$O$1:$V$156, 7, FALSE), "") | O12: 45263 | P12: Lila | Q12: Kleinman-Green | R12: E | S12: 10/02/2024 | T12: =IF(S12=""," ","Y") -> Y | U12: =IF(V12=""," ","Y") -> Y | V12: 240
A13: 47473 | B13: Alvarado | C13: Eric | D13: M | E13: 8 | F13: CC Math 8 | G13: F | H13: S | I13: E | J13: =IFERROR(VLOOKUP(A13, Sheet1!$O$1:$V$156, 6, FALSE), "") | K13: =IFERROR(VLOOKUP(A13, Sheet1!$O$1:$V$156, 7, FALSE), "") | O13: 45235 | P13: Forrest | Q13: Morales | R13: E | S13: 10/21/2025 | T13: =IF(S13=""," ","Y") -> Y | U13: =IF(V13=""," ","Y") -> Y | V13: 240
A14: 46847 | B14: Alvarez | C14: Adam | D14: M | E14: 8 | F14: CC Math 8 | G14: F | H14: S | I14: E | J14: =IFERROR(VLOOKUP(A14, Sheet1!$O$1:$V$156, 6, FALSE), "") | K14: =IFERROR(VLOOKUP(A14, Sheet1!$O$1:$V$156, 7, FALSE), "") | O14: 45334 | P14: Davi Luis | Q14: Batista | R14: R | T14: =IF(S14=""," ","Y") | U14: =IF(V14=""," ","Y") -> Y | V14: 240
A15: 45106 | B15: Atnip | C15: Luke | D15: M | E15: 6 | F15: Lang Arts 6 | G15: A- | H15: N | I15: E | J15: =IFERROR(VLOOKUP(A15, Sheet1!$O$1:$V$156, 6, FALSE), "") -> Y | K15: =IFERROR(VLOOKUP(A15, Sheet1!$O$1:$V$156, 7, FALSE), "") | O15: 44284 | P15: Sophia | Q15: Becker | R15: E | T15: =IF(S15=""," ","Y") | U15: =IF(V15=""," ","Y") -> Y | V15: 240
A16: 44720 | B16: Bakerink | C16: Cedrick | D16: M | E16: 7 | F16: Spanish 1A | G16: D+ | H16: S | I16: E | J16: =IFERROR(VLOOKUP(A16, Sheet1!$O$1:$V$156, 6, FALSE), "") | K16: =IFERROR(VLOOKUP(A16, Sheet1!$O$1:$V$156, 7, FALSE), "") | O16: 45000 | P16: Ava | Q16: Bradley | R16: E | T16: =IF(S16=""," ","Y") | U16: =IF(V16=""," ","Y") -> Y | V16: 240
A17: 44720 | B17: Bakerink | C17: Cedrick | D17: M | E17: 7 | F17: Social St. 7 | G17: D | H17: S | I17: E | J17: =IFERROR(VLOOKUP(A17, Sheet1!$O$1:$V$156, 6, FALSE), "") | K17: =IFERROR(VLOOKUP(A17, Sheet1!$O$1:$V$156, 7, FALSE), "") | O17: 44763 | P17: Caleb | Q17: Chuc Ojeda | R17: F | T17: =IF(S17=""," ","Y") | U17: =IF(V17=""," ","Y") -> Y | V17: 240
A18: 44720 | B18: Bakerink | C18: Cedrick | D18: M | E18: 7 | F18: Cross Training | G18: C+ | H18: N | I18: E | J18: =IFERROR(VLOOKUP(A18, Sheet1!$O$1:$V$156, 6, FALSE), "") | K18: =IFERROR(VLOOKUP(A18, Sheet1!$O$1:$V$156, 7, FALSE), "") | O18: 44956 | P18: Aaliyah | Q18: Cross-Nice | R18: E | T18: =IF(S18=""," ","Y") | U18: =IF(V18=""," ","Y") -> Y | V18: 240
A19: 47149 | B19: Balladares | C19: Melody | D19: F | E19: 7 | F19: Cross Training | G19: C+ | H19: N | I19: E | J19: =IFERROR(VLOOKUP(A19, Sheet1!$O$1:$V$156, 6, FALSE), "") | K19: =IFERROR(VLOOKUP(A19, Sheet1!$O$1:$V$156, 7, FALSE), "") | O19: 44828 | P19: Kendall | Q19: Dowd | R19: E | T19: =IF(S19=""," ","Y") | U19: =IF(V19=""," ","Y") -> Y | V19: 240
A20: 45162 | B20: Ballard | C20: Greyson | D20: M | E20: 6 | F20: Science 6 | G20: D | H20: S | I20: E | J20: =IFERROR(VLOOKUP(A20, Sheet1!$O$1:$V$156, 6, FALSE), "") | K20: =IFERROR(VLOOKUP(A20, Sheet1!$O$1:$V$156, 7, FALSE), "") -> Y | O20: 44886 | P20: Henry | Q20: Duncan | R20: E | T20: =IF(S20=""," ","Y") | U20: =IF(V20=""," ","Y") -> Y | V20: 240
A21: 47215 | B21: Bivins | C21: Iry'una | D21: F | E21: 6 | F21: PE 6B | G21: B | H21: N | I21: E | J21: =IFERROR(VLOOKUP(A21, Sheet1!$O$1:$V$156, 6, FALSE), "") | K21: =IFERROR(VLOOKUP(A21, Sheet1!$O$1:$V$156, 7, FALSE), "") | O21: 44482 | P21: Micah | Q21: Fells | R21: E | T21: =IF(S21=""," ","Y") | U21: =IF(V21=""," ","Y") -> Y | V21: 240
A22: 45319 | B22: Busch | C22: Benjamin | D22: M | E22: 7 | F22: Cross Training | G22: B+ | H22: N | I22: E | J22: =IFERROR(VLOOKUP(A22, Sheet1!$O$1:$V$156, 6, FALSE), "") | K22: =IFERROR(VLOOKUP(A22, Sheet1!$O$1:$V$156, 7, FALSE), "") | O22: 45210 | P22: Dillon | Q22: Fischer | R22: E | T22: =IF(S22=""," ","Y") | U22: =IF(V22=""," ","Y") -> Y | V22: 240
A23: 47179 | B23: Calderon Alvarez | C23: Braily | D23: M | E23: 8 | F23: Algebra 1 | G23: D | H23: S | I23: E | J23: =IFERROR(VLOOKUP(A23, Sheet1!$O$1:$V$156, 6, FALSE), "") | K23: =IFERROR(VLOOKUP(A23, Sheet1!$O$1:$V$156, 7, FALSE), "") | O23: 44702 | P23: Vincent | Q23: Fong | R23: E | T23: =IF(S23=""," ","Y") | U23: =IF(V23=""," ","Y") -> Y | V23: 240
A24: 46851 | B24: Casas | C24: Daisey | D24: F | E24: 8 | F24: Social St. 8 | G24: F | H24: N | I24: L | J24: =IFERROR(VLOOKUP(A24, Sheet1!$O$1:$V$156, 6, FALSE), "") | K24: =IFERROR(VLOOKUP(A24, Sheet1!$O$1:$V$156, 7, FALSE), "") | O24: 43915 | P24: Cash | Q24: Gianinno | R24: E | T24: =IF(S24=""," ","Y") | U24: =IF(V24=""," ","Y") -> Y | V24: 240
A25: 46851 | B25: Casas | C25: Daisey | D25: F | E25: 8 | F25: Science 8 | G25: D+ | H25: S | I25: L | J25: =IFERROR(VLOOKUP(A25, Sheet1!$O$1:$V$156, 6, FALSE), "") | K25: =IFERROR(VLOOKUP(A25, Sheet1!$O$1:$V$156, 7, FALSE), "") | O25: 44408 | P25: Elena | Q25: Hernandez Mazariegos | R25: L | T25: =IF(S25=""," ","Y") | U25: =IF(V25=""," ","Y") -> Y | V25: 240
... A59: 44863 | B59: Gonzalez Vazquez | C59: Andres | D59: M | E59: 7 | F59: Social St. 7 | G59: F | H59: S | I59: R | J59: =IFERROR(VLOOKUP(A59, Sheet1!$O$1:$V$156, 6, FALSE), "") | K59: =IFERROR(VLOOKUP(A59, Sheet1!$O$1:$V$156, 7, FALSE), "") -> Y | O59: 45194 | P59: Maya | Q59: Gasper | R59: E | T59: =IF(S59=""," ","Y") | U59: =IF(V59=""," ","Y") -> Y | V59: 260
A60: 44863 | B60: Gonzalez Vazquez | C60: Andres | D60: M | E60: 7 | F60: CC Math 7 | G60: F | H60: N | I60: R | J60: =IFERROR(VLOOKUP(A60, Sheet1!$O$1:$V$156, 6, FALSE), "") | K60: =IFERROR(VLOOKUP(A60, Sheet1!$O$1:$V$156, 7, FALSE), "") -> Y | O60: 46020 | P60: Adelaide | Q60: O'Connor | R60: E | S60: 05/20/2024 | T60: =IF(S60=""," ","Y") -> Y | U60: =IF(V60=""," ","Y") -> Y | V60: 280
A61: 44863 | B61: Gonzalez Vazquez | C61: Andres | D61: M | E61: 7 | F61: Science 7 | G61: D+ | H61: S | I61: R | J61: =IFERROR(VLOOKUP(A61, Sheet1!$O$1:$V$156, 6, FALSE), "") | K61: =IFERROR(VLOOKUP(A61, Sheet1!$O$1:$V$156, 7, FALSE), "") -> Y | O61: 44567 | P61: Samuel | Q61: Pavlov | R61: R | S61: 04/22/2024 | T61: =IF(S61=""," ","Y") -> Y | U61: =IF(V61=""," ","Y") -> Y | V61: 260
A62: 44863 | B62: Gonzalez Vazquez | C62: Andres | D62: M | E62: 7 | F62: Applied Science | G62: F | H62: S | I62: R | J62: =IFERROR(VLOOKUP(A62, Sheet1!$O$1:$V$156, 6, FALSE), "") | K62: =IFERROR(VLOOKUP(A62, Sheet1!$O$1:$V$156, 7, FALSE), "") -> Y | O62: 45245 | P62: Cole | Q62: Zargar | R62: E | T62: =IF(S62=""," ","Y") | U62: =IF(V62=""," ","Y") -> Y | V62: 240
A63: 47409 | B63: Gramajo Rodas | C63: Alexandra | D63: F | E63: 6 | F63: CC Math 6 | G63: F | H63: S | I63: L | J63: =IFERROR(VLOOKUP(A63, Sheet1!$O$1:$V$156, 6, FALSE), "") | K63: =IFERROR(VLOOKUP(A63, Sheet1!$O$1:$V$156, 7, FALSE), "") | O63: 44357 | P63: James | Q63: Kelly | R63: E | S63: 08/21/2023 | T63: =IF(S63=""," ","Y") -> Y | U63: =IF(V63=""," ","Y") -> Y | V63: 280
A64: 44366 | B64: Harbidge | C64: Shea | D64: F | E64: 8 | F64: CC Math 8 | G64: D+ | H64: S | I64: E | J64: =IFERROR(VLOOKUP(A64, Sheet1!$O$1:$V$156, 6, FALSE), "") | K64: =IFERROR(VLOOKUP(A64, Sheet1!$O$1:$V$156, 7, FALSE), "") | O64: 45278 | P64: Miles | Q64: Trenary | R64: E | S64: 10/15/2025 | T64: =IF(S64=""," ","Y") -> Y | U64: =IF(V64=""," ","Y") -> Y | V64: 280
A65: 44380 | B65: Hayden | C65: Robert | D65: M | E65: 8 | F65: CC Math 8 | G65: F | H65: S | I65: R | J65: =IFERROR(VLOOKUP(A65, Sheet1!$O$1:$V$156, 6, FALSE), "") | K65: =IFERROR(VLOOKUP(A65, Sheet1!$O$1:$V$156, 7, FALSE), "") | O65: 46001 | P65: Evan | Q65: Aronson | R65: E | T65: =IF(S65=""," ","Y") | U65: =IF(V65=""," ","Y") -> Y | V65: 280
A66: 44380 | B66: Hayden | C66: Robert | D66: M | E66: 8 | F66: Science 8 | G66: C+ | H66: N | I66: R | J66: =IFERROR(VLOOKUP(A66, Sheet1!$O$1:$V$156, 6, FALSE), "") | K66: =IFERROR(VLOOKUP(A66, Sheet1!$O$1:$V$156, 7, FALSE), "") | O66: 47059 | P66: Zamir | Q66: Coleman | R66: E | T66: =IF(S66=""," ","Y") | U66: =IF(V66=""," ","Y") -> Y | V66: 280
A67: 45002 | B67: Hernandez | C67: Alexander Aaron | D67: M | E67: 7 | F67: Cross Training | G67: B+ | H67: N | I67: F | J67: =IFERROR(VLOOKUP(A67, Sheet1!$O$1:$V$156, 6, FALSE), "") | K67: =IFERROR(VLOOKUP(A67, Sheet1!$O$1:$V$156, 7, FALSE), "") | O67: 45723 | P67: Henry | Q67: Coupar | R67: E | T67: =IF(S67=""," ","Y") | U67: =IF(V67=""," ","Y") -> Y | V67: 280
A68: 46850 | B68: Hernandez-Velasquez | C68: Marvin | D68: M | E68: 8 | F68: ELD 1 | G68: B+ | H68: N | I68: L | J68: =IFERROR(VLOOKUP(A68, Sheet1!$O$1:$V$156, 6, FALSE), "") | K68: =IFERROR(VLOOKUP(A68, Sheet1!$O$1:$V$156, 7, FALSE), "") | O68: 44870 | P68: Matthew | Q68: DeMartini | R68: E | T68: =IF(S68=""," ","Y") | U68: =IF(V68=""," ","Y") -> Y | V68: 280
A69: 44868 | B69: Houssain | C69: Zakareya | D69: M | E69: 7 | F69: Cross Training | G69: C | H69: N | I69: R | J69: =IFERROR(VLOOKUP(A69, Sheet1!$O$1:$V$156, 6, FALSE), "") | K69: =IFERROR(VLOOKUP(A69, Sheet1!$O$1:$V$156, 7, FALSE), "") | O69: 46015 | P69: Jeffrey | Q69: Diaz | R69: E | T69: =IF(S69=""," ","Y") | U69: =IF(V69=""," ","Y") -> Y | V69: 280
A70: 44868 | B70: Houssain | C70: Zakareya | D70: M | E70: 7 | F70: CC Math 7 | G70: D- | H70: N | I70: R | J70: =IFERROR(VLOOKUP(A70, Sheet1!$O$1:$V$156, 6, FALSE), "") | K70: =IFERROR(VLOOKUP(A70, Sheet1!$O$1:$V$156, 7, FALSE), "") | O70: 44753 | P70: Henry | Q70: Erickson | R70: E | T70: =IF(S70=""," ","Y") | U70: =IF(V70=""," ","Y") -> Y | V70: 280
A71: 44868 | B71: Houssain | C71: Zakareya | D71: M | E71: 7 | F71: Lang Arts 7 | G71: F | H71: S | I71: R | J71: =IFERROR(VLOOKUP(A71, Sheet1!$O$1:$V$156, 6, FALSE), "") | K71: =IFERROR(VLOOKUP(A71, Sheet1!$O$1:$V$156, 7, FALSE), "") | O71: 43923 | P71: Griffin | Q71: Feist | R71: E | T71: =IF(S71=""," ","Y") | U71: =IF(V71=""," ","Y") -> Y | V71: 280
A72: 47126 | B72: Hudson | C72: Sophia | D72: F | E72: 6 | F72: CC Math 6 | G72: F | H72: S | I72: E | J72: =IFERROR(VLOOKUP(A72, Sheet1!$O$1:$V$156, 6, FALSE), "") | K72: =IFERROR(VLOOKUP(A72, Sheet1!$O$1:$V$156, 7, FALSE), "") | O72: 45347 | P72: Adam | Q72: Immoos | R72: E | T72: =IF(S72=""," ","Y") | U72: =IF(V72=""," ","Y") -> Y | V72: 280
A73: 45347 | B73: Immoos | C73: Adam | D73: M | E73: 8 | F73: Social St. 8 | G73: F | H73: S | I73: E | J73: =IFERROR(VLOOKUP(A73, Sheet1!$O$1:$V$156, 6, FALSE), "") | K73: =IFERROR(VLOOKUP(A73, Sheet1!$O$1:$V$156, 7, FALSE), "") -> Y | O73: 44457 | P73: Johann | Q73: Konis Clemmer | R73: E | T73: =IF(S73=""," ","Y") | U73: =IF(V73=""," ","Y") -> Y | V73: 280
A74: 45347 | B74: Immoos | C74: Adam | D74: M | E74: 8 | F74: Science 8 | G74: F | H74: S | I74: E | J74: =IFERROR(VLOOKUP(A74, Sheet1!$O$1:$V$156, 6, FALSE), "") | K74: =IFERROR(VLOOKUP(A74, Sheet1!$O$1:$V$156, 7, FALSE), "") -> Y | O74: 45733 | P74: Elliot | Q74: Kozlowski | R74: E | T74: =IF(S74=""," ","Y") | U74: =IF(V74=""," ","Y") -> Y | V74: 280
A75: 45347 | B75: Immoos | C75: Adam | D75: M | E75: 8 | F75: Applied Science | G75: D- | H75: S | I75: E | J75: =IFERROR(VLOOKUP(A75, Sheet1!$O$1:$V$156, 6, FALSE), "") | K75: =IFERROR(VLOOKUP(A75, Sheet1!$O$1:$V$156, 7, FALSE), "") -> Y | O75: 47135 | P75: Maggie | Q75: Madden | R75: E | T75: =IF(S75=""," ","Y") | U75: =IF(V75=""," ","Y") -> Y | V75: 280
A76: 45347 | B76: Immoos | C76: Adam | D76: M | E76: 8 | F76: Lang Arts 8 | G76: F | H76: S | I76: E | J76: =IFERROR(VLOOKUP(A76, Sheet1!$O$1:$V$156, 6, FALSE), "") | K76: =IFERROR(VLOOKUP(A76, Sheet1!$O$1:$V$156, 7, FALSE), "") -> Y | O76: 46868 | P76: Aneyah | Q76: McCall-Fleming | R76: E | T76: =IF(S76=""," ","Y") | U76: =IF(V76=""," ","Y") -> Y | V76: 280
... A81: 47193 | B81: Kennedy Jr | C81: Iman | D81: M | E81: 7 | F81: CC Math 7 | G81: D+ | H81: S | I81: E | J81: =IFERROR(VLOOKUP(A81, Sheet1!$O$1:$V$156, 6, FALSE), "") | K81: =IFERROR(VLOOKUP(A81, Sheet1!$O$1:$V$156, 7, FALSE), "") | O81: 46848 | P81: Lili | Q81: Sordoillet | R81: F | T81: =IF(S81=""," ","Y") | U81: =IF(V81=""," ","Y") -> Y | V81: 280
A82: 44421 | B82: Kirkland | C82: Callen | D82: M | E82: 7 | F82: Spanish 1A | G82: D+ | H82: S | I82: E | J82: =IFERROR(VLOOKUP(A82, Sheet1!$O$1:$V$156, 6, FALSE), "") -> Y | K82: =IFERROR(VLOOKUP(A82, Sheet1!$O$1:$V$156, 7, FALSE), "") -> Y | O82: 46778 | P82: Cori | Q82: Newman | R82: E | S82: 01/23/2025 | T82: =IF(S82=""," ","Y") -> Y | U82: =IF(V82=""," ","Y") -> Y | V82: 290
A83: 44421 | B83: Kirkland | C83: Callen | D83: M | E83: 7 | F83: CC Math 7 | G83: F | H83: S | I83: E | J83: =IFERROR(VLOOKUP(A83, Sheet1!$O$1:$V$156, 6, FALSE), "") -> Y | K83: =IFERROR(VLOOKUP(A83, Sheet1!$O$1:$V$156, 7, FALSE), "") -> Y | O83: 44392 | P83: Brook | Q83: Strada | R83: E | T83: =IF(S83=""," ","Y") | U83: =IF(V83=""," ","Y") -> Y | V83: 280
A84: 44421 | B84: Kirkland | C84: Callen | D84: M | E84: 7 | F84: Social St. 7 | G84: F | H84: S | I84: E | J84: =IFERROR(VLOOKUP(A84, Sheet1!$O$1:$V$156, 6, FALSE), "") -> Y | K84: =IFERROR(VLOOKUP(A84, Sheet1!$O$1:$V$156, 7, FALSE), "") -> Y | O84: 45807 | P84: Mia | Q84: Torres Juarez | R84: L | T84: =IF(S84=""," ","Y") | U84: =IF(V84=""," ","Y") -> Y | V84: 280
A85: 44833 | B85: Laboy | C85: Ryker | D85: M | E85: 7 | F85: Cross Training | G85: B- | H85: N | I85: E | J85: =IFERROR(VLOOKUP(A85, Sheet1!$O$1:$V$156, 6, FALSE), "") | K85: =IFERROR(VLOOKUP(A85, Sheet1!$O$1:$V$156, 7, FALSE), "") | O85: 44906 | P85: Saadhvi | Q85: Das | R85: E | S85: 09/02/2024 | T85: =IF(S85=""," ","Y") -> Y | U85: =IF(V85=""," ","Y") -> Y | V85: 290
A86: 47416 | B86: Lang | C86: Sienna | D86: F | E86: 8 | F86: CC Math 8 | G86: F | H86: S | I86: E | J86: =IFERROR(VLOOKUP(A86, Sheet1!$O$1:$V$156, 6, FALSE), "") -> Y | K86: =IFERROR(VLOOKUP(A86, Sheet1!$O$1:$V$156, 7, FALSE), "") | O86: 46406 | P86: Everett | Q86: Alesio Maloney | R86: E | S86: 10/15/2025 | T86: =IF(S86=""," ","Y") -> Y | U86: =IF(V86=""," ","Y") -> Y | V86: 290
A87: 47416 | B87: Lang | C87: Sienna | D87: F | E87: 8 | F87: Lang Arts 8 | G87: F | H87: S | I87: E | J87: =IFERROR(VLOOKUP(A87, Sheet1!$O$1:$V$156, 6, FALSE), "") -> Y | K87: =IFERROR(VLOOKUP(A87, Sheet1!$O$1:$V$156, 7, FALSE), "") | O87: 46771 | P87: Skylar | Q87: Leiken | R87: E | S87: 09/20/2024 | T87: =IF(S87=""," ","Y") -> Y | U87: =IF(V87=""," ","Y") -> Y | V87: 290
A88: 47363 | B88: Lopez Quintero | C88: Ian | D88: M | E88: 7 | F88: CC Math 7 | G88: F | H88: S | I88: R | J88: =IFERROR(VLOOKUP(A88, Sheet1!$O$1:$V$156, 6, FALSE), "") | K88: =IFERROR(VLOOKUP(A88, Sheet1!$O$1:$V$156, 7, FALSE), "") | O88: 46448 | P88: Rion | Q88: Abplanalp-Cowan | R88: E | T88: =IF(S88=""," ","Y") | U88: =IF(V88=""," ","Y") -> Y | V88: 290
A89: 47363 | B89: Lopez Quintero | C89: Ian | D89: M | E89: 7 | F89: Social St. 7 | G89: D | H89: S | I89: R | J89: =IFERROR(VLOOKUP(A89, Sheet1!$O$1:$V$156, 6, FALSE), "") | K89: =IFERROR(VLOOKUP(A89, Sheet1!$O$1:$V$156, 7, FALSE), "") | O89: 44417 | P89: Joseph | Q89: Ahlemeyer | R89: E | T89: =IF(S89=""," ","Y") | U89: =IF(V89=""," ","Y") -> Y | V89: 290
A90: 47363 | B90: Lopez Quintero | C90: Ian | D90: M | E90: 7 | F90: Lang Arts 7 | G90: F | H90: S | I90: R | J90: =IFERROR(VLOOKUP(A90, Sheet1!$O$1:$V$156, 6, FALSE), "") | K90: =IFERROR(VLOOKUP(A90, Sheet1!$O$1:$V$156, 7, FALSE), "") | O90: 46396 | P90: Abbott | Q90: Magley | R90: E | S90: 10/15/2025 | T90: =IF(S90=""," ","Y") -> Y | U90: =IF(V90=""," ","Y") -> Y | V90: 290
A91: 47486 | B91: Luna | C91: Andy | D91: M | E91: 8 | F91: CC Math 8 | G91: D- | H91: S | I91: R | J91: =IFERROR(VLOOKUP(A91, Sheet1!$O$1:$V$156, 6, FALSE), "") | K91: =IFERROR(VLOOKUP(A91, Sheet1!$O$1:$V$156, 7, FALSE), "") | O91: 46294 | P91: Logan | Q91: Alvarez Escobar | R91: L | T91: =IF(S91=""," ","Y") | U91: =IF(V91=""," ","Y") -> Y | V91: 290
A92: 43962 | B92: Mahmoudi | C92: Arya | D92: M | E92: 8 | F92: CC Math 8 | G92: D- | H92: S | I92: R | J92: =IFERROR(VLOOKUP(A92, Sheet1!$O$1:$V$156, 6, FALSE), "") -> Y | K92: =IFERROR(VLOOKUP(A92, Sheet1!$O$1:$V$156, 7, FALSE), "") | O92: 45162 | P92: Greyson | Q92: Ballard | R92: E | T92: =IF(S92=""," ","Y") | U92: =IF(V92=""," ","Y") -> Y | V92: 290
A93: 43962 | B93: Mahmoudi | C93: Arya | D93: M | E93: 8 | F93: Lang Arts 8 | G93: B+ | H93: N | I93: R | J93: =IFERROR(VLOOKUP(A93, Sheet1!$O$1:$V$156, 6, FALSE), "") -> Y | K93: =IFERROR(VLOOKUP(A93, Sheet1!$O$1:$V$156, 7, FALSE), "") | O93: 47033 | P93: Elise | Q93: Barker | R93: E | T93: =IF(S93=""," ","Y") | U93: =IF(V93=""," ","Y") -> Y | V93: 290
A94: 43962 | B94: Mahmoudi | C94: Arya | D94: M | E94: 8 | F94: Spanish 1B | G94: B+ | H94: N | I94: R | J94: =IFERROR(VLOOKUP(A94, Sheet1!$O$1:$V$156, 6, FALSE), "") -> Y | K94: =IFERROR(VLOOKUP(A94, Sheet1!$O$1:$V$156, 7, FALSE), "") | O94: 44570 | P94: Emma | Q94: Cadena Sanchez | R94: R | T94: =IF(S94=""," ","Y") | U94: =IF(V94=""," ","Y") -> Y | V94: 290
A95: 43962 | B95: Mahmoudi | C95: Arya | D95: M | E95: 8 | F95: Band 7/8 | G95: B- | H95: U | I95: R | J95: =IFERROR(VLOOKUP(A95, Sheet1!$O$1:$V$156, 6, FALSE), "") -> Y | K95: =IFERROR(VLOOKUP(A95, Sheet1!$O$1:$V$156, 7, FALSE), "") | O95: 47196 | P95: Bryan | Q95: Diaz | R95: E | T95: =IF(S95=""," ","Y") | U95: =IF(V95=""," ","Y") -> Y | V95: 290
A96: 44932 | B96: Maida | C96: Cameron | D96: M | E96: 6 | F96: PE 6A | G96: B+ | H96: N | I96: E | J96: =IFERROR(VLOOKUP(A96, Sheet1!$O$1:$V$156, 6, FALSE), "") -> Y | K96: =IFERROR(VLOOKUP(A96, Sheet1!$O$1:$V$156, 7, FALSE), "") -> Y | O96: 44863 | P96: Andres | Q96: Gonzalez Vazquez | R96: R | T96: =IF(S96=""," ","Y") | U96: =IF(V96=""," ","Y") -> Y | V96: 290
A97: 46481 | B97: Maldonado Alonzo | C97: David | D97: M | E97: 7 | F97: CC Math 7 | G97: D- | H97: S | I97: F | J97: =IFERROR(VLOOKUP(A97, Sheet1!$O$1:$V$156, 6, FALSE), "") | K97: =IFERROR(VLOOKUP(A97, Sheet1!$O$1:$V$156, 7, FALSE), "") | O97: 47491 | P97: Cora | Q97: Heidenberg | R97: E | T97: =IF(S97=""," ","Y") | U97: =IF(V97=""," ","Y") -> Y | V97: 290
A98: 46067 | B98: Martinez | C98: Angela | D98: F | E98: 8 | F98: Lang Arts 8 | G98: F | H98: S | I98: L | J98: =IFERROR(VLOOKUP(A98, Sheet1!$O$1:$V$156, 6, FALSE), "") | K98: =IFERROR(VLOOKUP(A98, Sheet1!$O$1:$V$156, 7, FALSE), "") | O98: 47489 | P98: Emma | Q98: Heidenberg | R98: E | T98: =IF(S98=""," ","Y") | U98: =IF(V98=""," ","Y") -> Y | V98: 290
A99: 46067 | B99: Martinez | C99: Angela | D99: F | E99: 8 | F99: Social St. 8 | G99: F | H99: S | I99: L | J99: =IFERROR(VLOOKUP(A99, Sheet1!$O$1:$V$156, 6, FALSE), "") | K99: =IFERROR(VLOOKUP(A99, Sheet1!$O$1:$V$156, 7, FALSE), "") | O99: 46367 | P99: Celina | Q99: Hernandez | R99: L | T99: =IF(S99=""," ","Y") | U99: =IF(V99=""," ","Y") -> Y | V99: 290
A100: 46067 | B100: Martinez | C100: Angela | D100: F | E100: 8 | F100: Science 8 | G100: F | H100: S | I100: L | J100: =IFERROR(VLOOKUP(A100, Sheet1!$O$1:$V$156, 6, FALSE), "") | K100: =IFERROR(VLOOKUP(A100, Sheet1!$O$1:$V$156, 7, FALSE), "") | O100: 45193 | P100: Sem | Q100: Lopez DeLeon | R100: F | T100: =IF(S100=""," ","Y") | U100: =IF(V100=""," ","Y") -> Y | V100: 290
A101: 44473 | B101: Massoletti | C101: Brooklynn | D101: F | E101: 7 | F101: Science 7 | G101: B | H101: N | I101: E | J101: =IFERROR(VLOOKUP(A101, Sheet1!$O$1:$V$156, 6, FALSE), "") -> Y | K101: =IFERROR(VLOOKUP(A101, Sheet1!$O$1:$V$156, 7, FALSE), "") | O101: 46785 | P101: Erick | Q101: Martinez | R101: E | T101: =IF(S101=""," ","Y") | U101: =IF(V101=""," ","Y") -> Y | V101: 290
A102: 44473 | B102: Massoletti | C102: Brooklynn | D102: F | E102: 7 | F102: CC Math 7 | G102: B- | H102: N | I102: E | J102: =IFERROR(VLOOKUP(A102, Sheet1!$O$1:$V$156, 6, FALSE), "") -> Y | K102: =IFERROR(VLOOKUP(A102, Sheet1!$O$1:$V$156, 7, FALSE), "") | O102: 46786 | P102: Jesse | Q102: Martinez | R102: E | T102: =IF(S102=""," ","Y") | U102: =IF(V102=""," ","Y") -> Y | V102: 290
... A116: 44759 | B116: Pasternak | C116: Errol | D116: M | E116: 7 | F116: Science 7 | G116: D | H116: N | I116: E | J116: =IFERROR(VLOOKUP(A116, Sheet1!$O$1:$V$156, 6, FALSE), "") -> Y | K116: =IFERROR(VLOOKUP(A116, Sheet1!$O$1:$V$156, 7, FALSE), "") | O116: 45403 | P116: Marcus | Q116: Gillespie | R116: R | T116: =IF(S116=""," ","Y") | U116: =IF(V116=""," ","Y") -> Y | V116: 320
A117: 44759 | B117: Pasternak | C117: Errol | D117: M | E117: 7 | F117: Lang Arts 7 | G117: F | H117: S | I117: E | J117: =IFERROR(VLOOKUP(A117, Sheet1!$O$1:$V$156, 6, FALSE), "") -> Y | K117: =IFERROR(VLOOKUP(A117, Sheet1!$O$1:$V$156, 7, FALSE), "") | O117: 45404 | P117: Kayla | Q117: Rulli | R117: E | S117: 10/01/2025 | T117: =IF(S117=""," ","Y") -> Y | U117: =IF(V117=""," ","Y") -> Y | V117: 320
A118: 44759 | B118: Pasternak | C118: Errol | D118: M | E118: 7 | F118: Social St. 7 | G118: D | H118: S | I118: E | J118: =IFERROR(VLOOKUP(A118, Sheet1!$O$1:$V$156, 6, FALSE), "") -> Y | K118: =IFERROR(VLOOKUP(A118, Sheet1!$O$1:$V$156, 7, FALSE), "") | O118: 47371 | P118: Jasmine | Q118: Tai | R118: E | T118: =IF(S118=""," ","Y") | U118: =IF(V118=""," ","Y") -> Y | V118: 320
A119: 46397 | B119: Pelico Mazariegos | C119: Jeremy | D119: M | E119: 6 | F119: Exp. B- Lead | G119: P | H119: U | I119: L | J119: =IFERROR(VLOOKUP(A119, Sheet1!$O$1:$V$156, 6, FALSE), "") | K119: =IFERROR(VLOOKUP(A119, Sheet1!$O$1:$V$156, 7, FALSE), "") | O119: 44178 | P119: Cameron | Q119: Heckler | R119: E | S119: 03/25/2024 | T119: =IF(S119=""," ","Y") -> Y | U119: =IF(V119=""," ","Y")
A120: 46397 | B120: Pelico Mazariegos | C120: Jeremy | D120: M | E120: 6 | F120: CC Math 6 | G120: D+ | H120: S | I120: L | J120: =IFERROR(VLOOKUP(A120, Sheet1!$O$1:$V$156, 6, FALSE), "") | K120: =IFERROR(VLOOKUP(A120, Sheet1!$O$1:$V$156, 7, FALSE), "") | O120: 44998 | P120: Franco | Q120: Islas Lopez | R120: F | S120: 01/01/2024 | T120: =IF(S120=""," ","Y") -> Y | U120: =IF(V120=""," ","Y")
A121: 46703 | B121: Pinto | C121: Melissa | D121: F | E121: 7 | F121: CC Math 7 | G121: F | H121: S | I121: R | J121: =IFERROR(VLOOKUP(A121, Sheet1!$O$1:$V$156, 6, FALSE), "") | K121: =IFERROR(VLOOKUP(A121, Sheet1!$O$1:$V$156, 7, FALSE), "") | O121: 45681 | P121: Mina | Q121: Keast | R121: E | S121: 03/27/2025 | T121: =IF(S121=""," ","Y") -> Y | U121: =IF(V121=""," ","Y")
A122: 44703 | B122: Powell | C122: William | D122: M | E122: 7 | F122: Science 7 | G122: A- | H122: N | I122: E | J122: =IFERROR(VLOOKUP(A122, Sheet1!$O$1:$V$156, 6, FALSE), "") | K122: =IFERROR(VLOOKUP(A122, Sheet1!$O$1:$V$156, 7, FALSE), "") -> Y | O122: 45039 | P122: Xylo | Q122: MacKinnon Eagan | R122: E | S122: 08/18/2025 | T122: =IF(S122=""," ","Y") -> Y | U122: =IF(V122=""," ","Y")
A123: 44703 | B123: Powell | C123: William | D123: M | E123: 7 | F123: CC Math 7 | G123: A | H123: N | I123: E | J123: =IFERROR(VLOOKUP(A123, Sheet1!$O$1:$V$156, 6, FALSE), "") | K123: =IFERROR(VLOOKUP(A123, Sheet1!$O$1:$V$156, 7, FALSE), "") -> Y | O123: 46887 | P123: Marvin | Q123: Smart | R123: E | S123: 05/27/2025 | T123: =IF(S123=""," ","Y") -> Y | U123: =IF(V123=""," ","Y")
A124: 45265 | B124: Quinteros Melendez | C124: Jordan | D124: M | E124: 6 | F124: Lang Arts 6 | G124: P | H124: N | I124: L | J124: =IFERROR(VLOOKUP(A124, Sheet1!$O$1:$V$156, 6, FALSE), "") | K124: =IFERROR(VLOOKUP(A124, Sheet1!$O$1:$V$156, 7, FALSE), "") | O124: 44728 | P124: Ava | Q124: Caceres | R124: E | S124: 08/19/2025 | T124: =IF(S124=""," ","Y") -> Y | U124: =IF(V124=""," ","Y")
A125: 47202 | B125: Recella | C125: Angel Rae | D125: M | E125: 7 | F125: Social St. 7 | G125: D- | H125: S | I125: L | J125: =IFERROR(VLOOKUP(A125, Sheet1!$O$1:$V$156, 6, FALSE), "") | K125: =IFERROR(VLOOKUP(A125, Sheet1!$O$1:$V$156, 7, FALSE), "") | O125: 47063 | P125: Maverick | Q125: Smith | R125: E | S125: 08/19/2025 | T125: =IF(S125=""," ","Y") -> Y | U125: =IF(V125=""," ","Y")
A126: 47199 | B126: Recella | C126: Reymund | D126: M | E126: 6 | F126: Social St. 6 | G126: C- | H126: N | I126: L | J126: =IFERROR(VLOOKUP(A126, Sheet1!$O$1:$V$156, 6, FALSE), "") | K126: =IFERROR(VLOOKUP(A126, Sheet1!$O$1:$V$156, 7, FALSE), "") | O126: 44792 | P126: Talia | Q126: Stern | R126: E | S126: 08/19/2025 | T126: =IF(S126=""," ","Y") -> Y | U126: =IF(V126=""," ","Y")
A127: 47199 | B127: Recella | C127: Reymund | D127: M | E127: 6 | F127: Lang Arts 6 | G127: C- | H127: N | I127: L | J127: =IFERROR(VLOOKUP(A127, Sheet1!$O$1:$V$156, 6, FALSE), "") | K127: =IFERROR(VLOOKUP(A127, Sheet1!$O$1:$V$156, 7, FALSE), "") | O127: 46571 | P127: Lillian | Q127: Tunks | R127: E | S127: 08/19/2025 | T127: =IF(S127=""," ","Y") -> Y | U127: =IF(V127=""," ","Y")
A128: 45435 | B128: Recinos Vecina | C128: Jhohane | D128: M | E128: 6 | F128: Science 6 | G128: D | H128: S | I128: L | J128: =IFERROR(VLOOKUP(A128, Sheet1!$O$1:$V$156, 6, FALSE), "") | K128: =IFERROR(VLOOKUP(A128, Sheet1!$O$1:$V$156, 7, FALSE), "") -> Y | O128: 44340 | P128: Scarlett | Q128: Evens | R128: E | S128: 08/21/2023 | T128: =IF(S128=""," ","Y") -> Y | U128: =IF(V128=""," ","Y")
A129: 45435 | B129: Recinos Vecina | C129: Jhohane | D129: M | E129: 6 | F129: CC Math 6 | G129: F | H129: S | I129: L | J129: =IFERROR(VLOOKUP(A129, Sheet1!$O$1:$V$156, 6, FALSE), "") | K129: =IFERROR(VLOOKUP(A129, Sheet1!$O$1:$V$156, 7, FALSE), "") -> Y | O129: 44352 | P129: Sierra | Q129: Gasper | R129: E | S129: 08/21/2023 | T129: =IF(S129=""," ","Y") -> Y | U129: =IF(V129=""," ","Y")
A130: 44965 | B130: Rodas | C130: Elissa | D130: F | E130: 8 | F130: CC Math 8 | G130: F | H130: S | I130: R | J130: =IFERROR(VLOOKUP(A130, Sheet1!$O$1:$V$156, 6, FALSE), "") | K130: =IFERROR(VLOOKUP(A130, Sheet1!$O$1:$V$156, 7, FALSE), "") | O130: 44360 | P130: Natalie | Q130: Malas | R130: E | S130: 08/21/2023 | T130: =IF(S130=""," ","Y") -> Y | U130: =IF(V130=""," ","Y")
... A156: 44468 | B156: Shumavon | C156: Mishiike | D156: F | E156: 7 | F156: CC Math 7 | G156: D | H156: S | I156: E | J156: =IFERROR(VLOOKUP(A156, Sheet1!$O$1:$V$156, 6, FALSE), "") -> Y | K156: =IFERROR(VLOOKUP(A156, Sheet1!$O$1:$V$156, 7, FALSE), "") | O156: 44336 | P156: Violet | Q156: Cliffe | R156: E | S156: 12/14/2023 | T156: =IF(S156=""," ","Y") -> Y | U156: =IF(V156=""," ","Y")
A157: 46887 | B157: Smart | C157: Marvin | D157: M | E157: 8 | F157: CC Math 8 | G157: F | H157: N | I157: E | J157: =IFERROR(VLOOKUP(A157, Sheet1!$O$1:$V$156, 6, FALSE), "") -> Y | K157: =IFERROR(VLOOKUP(A157, Sheet1!$O$1:$V$156, 7, FALSE), "")
A158: 46887 | B158: Smart | C158: Marvin | D158: M | E158: 8 | F158: Lang Arts 8 | G158: C- | H158: N | I158: E | J158: =IFERROR(VLOOKUP(A158, Sheet1!$O$1:$V$156, 6, FALSE), "") -> Y | K158: =IFERROR(VLOOKUP(A158, Sheet1!$O$1:$V$156, 7, FALSE), "")
A159: 45202 | B159: Smith | C159: Dean | D159: M | E159: 6 | F159: LC 6/7 | G159: P | H159: N | I159: F | J159: =IFERROR(VLOOKUP(A159, Sheet1!$O$1:$V$156, 6, FALSE), "") | K159: =IFERROR(VLOOKUP(A159, Sheet1!$O$1:$V$156, 7, FALSE), "") -> Y
A160: 47063 | B160: Smith | C160: Maverick | D160: M | E160: 6 | F160: PE 6A | G160: B+ | H160: N | I160: E | J160: =IFERROR(VLOOKUP(A160, Sheet1!$O$1:$V$156, 6, FALSE), "") -> Y | K160: =IFERROR(VLOOKUP(A160, Sheet1!$O$1:$V$156, 7, FALSE), "")
A161: 47063 | B161: Smith | C161: Maverick | D161: M | E161: 6 | F161: Lang Arts 6 | G161: B | H161: U | I161: E | J161: =IFERROR(VLOOKUP(A161, Sheet1!$O$1:$V$156, 6, FALSE), "") -> Y | K161: =IFERROR(VLOOKUP(A161, Sheet1!$O$1:$V$156, 7, FALSE), "")
A162: 47063 | B162: Smith | C162: Maverick | D162: M | E162: 6 | F162: Science 6 | G162: C | H162: N | I162: E | J162: =IFERROR(VLOOKUP(A162, Sheet1!$O$1:$V$156, 6, FALSE), "") -> Y | K162: =IFERROR(VLOOKUP(A162, Sheet1!$O$1:$V$156, 7, FALSE), "")
A163: 47063 | B163: Smith | C163: Maverick | D163: M | E163: 6 | F163: Social St. 6 | G163: C- | H163: U | I163: E | J163: =IFERROR(VLOOKUP(A163, Sheet1!$O$1:$V$156, 6, FALSE), "") -> Y | K163: =IFERROR(VLOOKUP(A163, Sheet1!$O$1:$V$156, 7, FALSE), "")
A164: 44058 | B164: Spinella-Blum | C164: Matteo | D164: M | E164: 8 | F164: CC Math 8 | G164: C | H164: N | I164: E | J164: =IFERROR(VLOOKUP(A164, Sheet1!$O$1:$V$156, 6, FALSE), "") | K164: =IFERROR(VLOOKUP(A164, Sheet1!$O$1:$V$156, 7, FALSE), "")
A165: 44058 | B165: Spinella-Blum | C165: Matteo | D165: M | E165: 8 | F165: PE 7/8 | G165: C | H165: N | I165: E | J165: =IFERROR(VLOOKUP(A165, Sheet1!$O$1:$V$156, 6, FALSE), "") | K165: =IFERROR(VLOOKUP(A165, Sheet1!$O$1:$V$156, 7, FALSE), "")
A166: 45184 | B166: Statz | C166: Brody | D166: M | E166: 6 | F166: Social St. 6 | G166: A- | H166: N | I166: E | J166: =IFERROR(VLOOKUP(A166, Sheet1!$O$1:$V$156, 6, FALSE), "") | K166: =IFERROR(VLOOKUP(A166, Sheet1!$O$1:$V$156, 7, FALSE), "")
A167: 46461 | B167: Surget | C167: Jasper | D167: M | E167: 8 | F167: CC Math 8 | G167: D+ | H167: S | I167: E | J167: =IFERROR(VLOOKUP(A167, Sheet1!$O$1:$V$156, 6, FALSE), "") | K167: =IFERROR(VLOOKUP(A167, Sheet1!$O$1:$V$156, 7, FALSE), "")
A168: 46461 | B168: Surget | C168: Jasper | D168: M | E168: 8 | F168: PE 7/8 | G168: C | H168: N | I168: E | J168: =IFERROR(VLOOKUP(A168, Sheet1!$O$1:$V$156, 6, FALSE), "") | K168: =IFERROR(VLOOKUP(A168, Sheet1!$O$1:$V$156, 7, FALSE), "")
... A179: 44369 | B179: Willoughby | C179: Brandon | D179: M | E179: 8 | F179: Lang Arts 8 | G179: A- | H179: N | I179: E | J179: =IFERROR(VLOOKUP(A179, Sheet1!$O$1:$V$156, 6, FALSE), "") -> Y | K179: =IFERROR(VLOOKUP(A179, Sheet1!$O$1:$V$156, 7, FALSE), "")
